Buffalo,Buffalo City Court Judge/Chief Judge,Thomas,P.,Amodeo,(716)845-2600,,City Court Building  Buffalo NY 14202,https://iapps.courts.state.ny.us/judicialdirectory/Bio?JUDGE_ID=NeGgkT/PBJ9NsBYkJp4tJw%3D%3D,DEM
Buffalo,Buffalo City Court Judge,Betty,,Calvo-Torres,(716)845-2600,,City Court Building  Buffalo NY 14202,https://iapps.courts.state.ny.us/judicialdirectory/Bio?JUDGE_ID=GP5SfbSYLwJoQ5mB4SjNaA%3D%3D,DEM
Buffalo,Buffalo City Court Judge,Patrick,M.,Carney,(716)845-2600,,City Court Building  Buffalo NY 14202,https://iapps.courts.state.ny.us/judicialdirectory/Bio?JUDGE_ID=tuSeDhldSybG0i0LYy7t7g%3D%3D,DEM
Buffalo,Buffalo City Court Judge,Susan,M.,Eagan,(716)845-2600,,City Court Building  Buffalo NY 14202,https://iapps.courts.state.ny.us/judicialdirectory/Bio?JUDGE_ID=ZbaTmCTfnM3TMuBgvFSHQg%3D%3D,DEM
Buffalo,Buffalo City Court Judge,Joseph,A.,Fiorella,(716)845-2600,,City Court Building  Buffalo NY 14202,https://iapps.courts.state.ny.us/judicialdirectory/Bio?JUDGE_ID=rpQY8tUU46BKWilL69SywA%3D%3D,DEM
Buffalo,Buffalo City Court Judge,Debra,L.,Givens,(716)845-2600,,City Court Building  Buffalo NY 14202,https://iapps.courts.state.ny.us/judicialdirectory/Bio?JUDGE_ID=USc/FaX8wJqWfsRwU/Nu/g%3D%3D,DEM
Buffalo,Buffalo City Court Judge,Craig,D.,Hannah,(716)845-2600,,City Court Building  Buffalo NY 14202,https://iapps.courts.state.ny.us/judicialdirectory/Bio?JUDGE_ID=C4m6/S53NoroZ69GjW4vMA%3D%3D,DEM
Buffalo,Buffalo City Court Judge,Barbara,R.,Johnson-Lee,,,    ,https://iapps.courts.state.ny.us/judicialdirectory/Bio?JUDGE_ID=Tlfrp_PLUS_d1wHCv7EgNVq560A%3D%3D,DEM
Buffalo,Buffalo City Court Judge,Kevin,J.,Keane,(716)845-2600,,City Court Building  Buffalo NY 14202,https://iapps.courts.state.ny.us/judicialdirectory/Bio?JUDGE_ID=uHyCMZ36JnL8xk4KNwkvzA%3D%3D,DEM
Buffalo,Buffalo City Court Judge,Amy,C.,Martoche,(716)845-2600,,City Court Building  Buffalo NY 14202,https://iapps.courts.state.ny.us/judicialdirectory/Bio?JUDGE_ID=TUWJydZ53PaXciqIdmG0sA%3D%3D,DEM
Buffalo,Buffalo City Court Judge,James,A.W.,McLeod,(716)845-2600,,City Court Building  Buffalo NY 14202,https://iapps.courts.state.ny.us/judicialdirectory/Bio?JUDGE_ID=EWwTTnNr5zLgxdSY9JhQmw%3D%3D,DEM
Buffalo,Buffalo City Court Judge,JaHarr,,Pridgen,(716)845-2600,,City Court Building  Buffalo NY 14202,https://iapps.courts.state.ny.us/judicialdirectory/Bio?JUDGE_ID=BB4QajpsrEDHunUsK26cCg%3D%3D,DEM
Buffalo,Buffalo City Court Judge,Robert,T.,Russell,(716)845-2600,,City Court Building  Buffalo NY 14202,https://iapps.courts.state.ny.us/judicialdirectory/Bio?JUDGE_ID=h_PLUS_bnlGrGSCegSTVTE83xnQ%3D%3D,DEM
Buffalo,Buffalo City Court Judge,Diane,Y.,Wray,(716)845-2600,,City Court Building  Buffalo NY 14202,https://iapps.courts.state.ny.us/judicialdirectory/Bio?JUDGE_ID=oTCZs9JJo48ORWi2cRZNIw%3D%3D,DEM
Erie County ,County Judge,Kenneth,F.,Case,(716)845-9300,,25 Delaware Ave.  Buffalo NY 14202,https://iapps.courts.state.ny.us/judicialdirectory/Bio?JUDGE_ID=8sfDNZ5yp/zzOrS9Rn7_PLUS_Eg%3D%3D,REP
Erie County ,County Judge,Michael,L.,D'Amico,(716)845-9300,,25 Delaware Ave.  Buffalo NY 14202,https://iapps.courts.state.ny.us/judicialdirectory/Bio?JUDGE_ID=A_PLUS_qn6YY7o1Abg66bSSBWcQ%3D%3D,DEM
Erie County ,County Judge,Shelia,A.,DiTullio,(716)845-9300,,25 Delaware Ave.  Buffalo NY 14202,https://iapps.courts.state.ny.us/judicialdirectory/Bio?JUDGE_ID=y_PLUS_oRKbqblZa8s_PLUS_30j_PLUS_wmGw%3D%3D,DEM
Erie County ,County Judge,Tim,,Franczyk,(716)845-9300,,25 Delaware Ave.  Buffalo NY 14202,https://iapps.courts.state.ny.us/judicialdirectory/Bio?JUDGE_ID=3Ahk03MJEEhsbRbZlsblJQ%3D%3D,DEM
Erie County ,County Judge,Michael,F.,Pietruszka,(716)845-9300,,25 Delaware Ave.  Buffalo NY 14202,https://iapps.courts.state.ny.us/judicialdirectory/Bio?JUDGE_ID=NSFvxXnWTi58CAaa0hydzA%3D%3D,DEM
Erie County ,Surrogate Judge,Barbara,,Howe,(716)845-2560,,Old County Hall 92 Franklin St. Buffalo NY 14202,https://iapps.courts.state.ny.us/judicialdirectory/Bio?JUDGE_ID=FFtfbr0b33rp7JwnUNDZkw%3D%3D,DEM
Akron,Akron Village Mayor,Carl,E.,Patterson,(716)542-9636,,21 Main St. P.O.Box 180 Akron NY 14001,http://www2.erie.gov/akron/index.php?q=mayors-office,
Akron,Akron Village Clerk-Treasurer (Appointed),Daniel,P.,Borchert,(716)542-9636,,21 Main St. P.O.Box 180 Akron NY 14001,http://www2.erie.gov/akron/index.php?q=clerk-treasurers-office,
Akron,Akron Village Trustee,Eugene,Peter,Forrestel,(716)542-9636,,21 Main St. P.O.Box 180 Akron NY 14001,http://www2.erie.gov/akron/index.php?q=village-board-board-trustees,
Akron,Akron Village Trustee,Keith,A.,Hatswell,(716)542-9636,,21 Main St. P.O.Box 180 Akron NY 14001,http://www2.erie.gov/akron/index.php?q=village-board-board-trustees,
Akron,Akron Village Trustee,Michael,R.,Middaugh,(716)542-9636,,21 Main St. P.O.Box 180 Akron NY 14001,http://www2.erie.gov/akron/index.php?q=village-board-board-trustees,
Akron,Akron Village Trustee,Brian,,Perry,,,    ,http://www2.erie.gov/akron/index.php?q=village-board-board-trustees,
Buffalo,Buffalo Mayor,Byron,W.,Brown,(716)851-4841,,Buffalo City Hall  Buffalo NY 14202,http://www.city-buffalo.com/Home/Leadership/Mayor,DEM
Buffalo,Buffalo Comptroller,Mark,J.F. ,Schroeder,(716)851-5255,,Buffalo City Hall  Buffalo NY 14202,http://www.city-buffalo.com/Home/Leadership/City_Comptroller,DEM
Buffalo,Buffalo City Clerk (Appointed),Gerald,A.,Chwalinski,(716)851-5431,,Buffalo City Hall  Buffalo NY 14202,http://www.city-buffalo.com/Home/City_Departments/City_Clerk,DEM
Erie County ,Family Court Judge,Mary,,Giallanza Carney,(716)845-7400,,1 Niagara Plaza  Buffalo NY 14202,https://iapps.courts.state.ny.us/judicialdirectory/Bio?JUDGE_ID=rxbW8y49ohZxSQybh27tiQ%3D%3D,DEM
Erie County ,Family Court Judge,Kevin,M.,Carter,(716)845-7400,,1 Niagara Plaza  Buffalo NY 14202,https://iapps.courts.state.ny.us/judicialdirectory/Bio?JUDGE_ID=oSix1HsvCEk7_PLUS_ddbA2s2xw%3D%3D,REP
Erie County ,Family Court Judge,Sharon,M.,LoVallo,(716)845-7400,,1 Niagara Plaza  Buffalo NY 14202,https://iapps.courts.state.ny.us/judicialdirectory/Bio?JUDGE_ID=zAsyLxgiRtTOlJ5YuNebzg%3D%3D,DEM
Erie County ,Family Court Judge,Lisa,B.,Rodwin,(716)845-7400,,1 Niagara Plaza  Buffalo NY 14202,https://iapps.courts.state.ny.us/judicialdirectory/Bio?JUDGE_ID=alYjghQWtQrC/f0aK4SJ3A%3D%3D,DEM
Erie County ,Family Court Judge,Marge,,Olszewski Szczur,(716)845-7400,,1 Niagara Plaza  Buffalo NY 14202,https://iapps.courts.state.ny.us/judicialdirectory/Bio?JUDGE_ID=axroXMZ0JyTF74qgfVBhPg%3D%3D,DEM
Erie County ,Family Court Judge,Deanne,M. ,Tripi,(716)845-7400,,1 Niagara Plaza  Buffalo NY 14202,https://iapps.courts.state.ny.us/judicialdirectory/Bio?JUDGE_ID=1ih0DWtuy1evEY7JW2MMEw%3D%3D,REP
Alden,Alden Village Mayor,Michael,G.,Manicki,(716)937-9216,,13336 Broadway  Alden NY 14004,http://www2.erie.gov/village_alden/index.php?q=public-officials,
Alden,Alden Village Clerk-Treasurer (Appointed),Terry,,Wachowiak,(716)937-9216,,13336 Broadway  Alden NY 14004,http://www2.erie.gov/village_alden/index.php?q=village-clerktreasurer,
Alden,Alden Village Justice,Robert,F.,Woods,(716)937-9216,,13336 Broadway  Alden NY 14004,http://www2.erie.gov/village_alden/index.php?q=justice-court,
Alden,Alden Village Trustee,Angelo,A.,Daluisio,(716)937-9216,,13336 Broadway  Alden NY 14004,http://www2.erie.gov/village_alden/index.php?q=public-officials,
Alden,Alden Village Trustee,Theodore,F.,Mezydlo,(716)937-9216,,13336 Broadway  Alden NY 14004,http://www2.erie.gov/village_alden/index.php?q=public-officials,
Alden,Alden Village Trustee,Michael,A.,Retzlaff,(716)937-9216,,13336 Broadway  Alden NY 14004,http://www2.erie.gov/village_alden/index.php?q=public-officials,
Alden,Alden Village Trustee,Daniel J.,,Warmus Sr.,(716)937-9216,,13336 Broadway  Alden NY 14004,http://www2.erie.gov/village_alden/index.php?q=public-officials,
Buffalo District Council Members,Buffalo Council Member-Delaware,Michael,J.,LoCurto,(716)851-5155,,Buffalo City Hall  Buffalo NY 14202,http://www.city-buffalo.com/Home/Leadership/CommonCouncil/CommonCouncilMembers/MichaelLoCurto,DEM
Buffalo District Council Members,Buffalo Council Member-Ellicott,Darius,G.,Pridgen,(716)851-4980,,Buffalo City Hall  Buffalo NY 14202,http://www.ci.buffalo.ny.us/Home/Leadership/CommonCouncil/CommonCouncilMembers/Darius_G_Pridgen,DEM
Buffalo District Council Members,Buffalo Council Member-Fillmore,David,A.,Franczyk,(716)851-4138,,Buffalo City Hall  Buffalo NY 14202,http://www.city-buffalo.com/Home/Leadership/CommonCouncil/CommonCouncilMembers/DavidFranczyk,DEM
Buffalo District Council Members,Buffalo Council Member-Lovejoy,Richard,A.,Fontana,(716)851-5151,,Buffalo City Hall  Buffalo NY 14202,http://www.city-buffalo.com/Home/Leadership/CommonCouncil/CommonCouncilMembers/RichardFontana,DEM
Buffalo District Council Members,Buffalo Council Member-Masten,Demone,A.,Smith,(716)851-5145,,Buffalo City Hall  Buffalo NY 14202,http://www.city-buffalo.com/Home/Leadership/CommonCouncil/CommonCouncilMembers/DemoneSmith,DEM
Buffalo District Council Members,Buffalo Council Member-Niagra,David,A.,Rivera,(716)851-5125,,Buffalo City Hall  Buffalo NY 14202,http://www.city-buffalo.com/Home/Leadership/CommonCouncil/CommonCouncilMembers/DavidRivera,DEM
Buffalo District Council Members,Buffalo Council Member-North,Joseph,,Golombek,(716)851-5116,,Buffalo City Hall  Buffalo NY 14202,http://www.city-buffalo.com/Home/Leadership/CommonCouncil/CommonCouncilMembers/JosephGolombek,DEM
Buffalo District Council Members,Buffalo Council Member-South,Chistopher,P.,Scanlon,(716)851-5156,,Buffalo City Hall  Buffalo NY 14202,http://www.ci.buffalo.ny.us/Home/Leadership/CommonCouncil/CommonCouncilMembers/ChrisScanlon,DEM
Buffalo District Council Members,Buffalo Council Member-University,Rasheed,N.,Wyatt,(716)851-5165,,Buffalo City Hall  Buffalo NY 14202,http://city-buffalo.com/Home/Leadership/CommonCouncil/CommonCouncilMembers/RasheedWyatt,DEM
Erie County,County Executive,Mark,C.,Poloncarz,(716)858-8500,,95 Franklin St.  Buffalo NY 14202,http://www2.erie.gov/exec/,DEM
Erie County,County Comptroller,Stefan,I.,Mychajliw Jr.,(716)858-8404,,95 Franklin St.  Buffalo NY 14202,http://www2.erie.gov/comptroller/,REP
Erie County,County Clerk,Christopher,L.,Jacobs,(716)858-2200,,95 Franklin St.  Buffalo NY 14202,http://www2.erie.gov/clerk/,REP
Erie County,County Attorney (Appointed),Michael,A.,Siragusa,(716)858-2200,,95 Franklin St.  Buffalo NY 14202,http://www2.erie.gov/law/,DEM
Erie County,District Attorney,Frank,A.,Sedita,(716)858-2424,,25 Delaware Ave.  Buffalo NY 14202,http://www2.erie.gov/da/,DEM
Erie County,Sheriff,Timothy,B.,Howard,(716)858-7608,,10 Delaware Ave.  Buffalo NY 14202,http://www2.erie.gov/sheriff/,REP
Angola,Angola Village Mayor,Howard,M.,Frawley,(716)549-1126,,41 Commercial Street  Angola NY 14006,http://www.villageofangola.org/meet-your-public-officials.html,
Angola,Angola Village Clerk-Treasurer (Appointed),Linda,D.,Giancarlo,(716)549-1126,,41 Commercial Street  Angola NY 14006,http://www.villageofangola.org/index.html,
Angola,Angola Village  Justice,Dennis ,P.,Glascott,(716)549-1126,,41 Commercial Street  Angola NY 14006,http://www.villageofangola.org/contact-us.html,
Angola,Angola Village Trustee,William,G.,Houston,(716)549-1126,,41 Commercial Street  Alden NY 14006,http://www.villageofangola.org/meet-your-public-officials.html,
Angola,Angola Village Trustee,Charles,G.,Katra,(716)549-1126,,41 Commercial Street  Alden NY 14006,http://www.villageofangola.org/meet-your-public-officials.html,
Angola,Angola Village Trustee,Carole,J.,Kin,(716)549-1126,,41 Commercial Street  Angola NY 14006,http://www.villageofangola.org/meet-your-public-officials.html,
Angola,Angola Village Trustee,John,D.,Wilson,(716)549-1126,,41 Commercial Street  Angola NY 14006,http://www.villageofangola.org/meet-your-public-officials.html,
Lackawanna,Lackawanna Mayor,Geoffrey,M.,Szymanski,(716)827-6452,,Lackawanna City Hall 714 Ridge Rd.  Lackawanna NY 14218,http://www.lackawannany.gov/Mayor.html,DEM
Lackawanna,Lackawanna City Clerk (Appointed),Jacqueline,A.,Caferro,(716)827-6452,,Lackawanna City Hall 714 Ridge Rd. Lackawanna NY 14218,http://www.lackawannany.gov/City%20Clerk.html,DEM
Lackawanna,Lackawanna City Judge,Frederic,J.,Marrano,(716)827-6452,,Lackawanna City Hall 714 Ridge Rd. Lackawanna NY 14218,http://www.lackawannany.gov/Courts.html,DEM
Lackawanna,Lackawanna Council President,Henry,R.,Pirowski,(716)827-6452,,Lackawanna City Hall 714 Ridge Rd. Lackawanna NY 14218,http://www.lackawannany.gov/Council.html,DEM
Lackawanna,Lackawanna Councilman 1st Ward,Abdulsalam,K.,Noman,(716)827-6452,,Lackawanna City Hall 714 Ridge Rd. Lackawanna NY 14218,http://www.lackawannany.gov/Council.html,DEM
Lackawanna,Lackawanna Councilman 2nd Ward,Annette,,Iafallo,(716)827-6452,,Lackawanna City Hall 714 Ridge Rd.  NY 14218,http://www.lackawannany.gov/Council.html,DEM
Lackawanna,Lackawanna Councilman 3rd Ward,Joseph,L.,Jerge,(716)827-6452,,Lackawanna City Hall 714 Ridge Rd. Lackawanna NY 14218,http://www.lackawannany.gov/Council.html,DEM
Lackawanna,Lackawanna Councilman 4th Ward,Keith,E.,Lewis,(716)827-6452,,Lackawanna City Hall 714 Ridge Rd. Lackawanna NY 14218,http://www.lackawannany.gov/Council.html,DEM
Erie County Legislators,Legislator District 1,Barbara,,Miller-Williams,(716)858-7500,,Old County Hall 92 Franklin St. Buffalo NY 14202,http://www2.erie.gov/miller-williams/,DEM
Erie County Legislators,Legislator District 2,Betty Jean,,Grant,(716)858-7500,,Old County Hall 92 Franklin St. Buffalo NY 14202,http://www2.erie.gov/grant/,DEM
Erie County Legislators,Legislator District 3,Peter J.,,Savage III,,,    ,http://www2.erie.gov/savage/,DEM
Erie County Legislators,Legislator District 4,Kevin,R.,Hardwick,(716)858-7500,,Old County Hall 92 Franklin St. Buffalo NY 14202,http://www2.erie.gov/hardwick/,REP
Erie County Legislators,Legislator District 5,Thomas,A.,Loughran,(716)858-7500,,Old County Hall 92 Franklin St. Buffalo NY 14202,http://www2.erie.gov/loughran/,DEM
Erie County Legislators,Legislator District 6,Edward,A.,Rath,(716)858-7500,,Old County Hall 92 Franklin St. Buffalo NY 14202,http://www2.erie.gov/rath/,REP
Erie County Legislators,Legislator District 7,Patrick,B.,Burke,(716)858-7500,,Old County Hall 92 Franklin St. Buffalo NY 14202,http://www2.erie.gov/burke/,DEM
Erie County Legislators,Legislator District 8,Ted,B.,Morton,(716)858-7500,,Old County Hall 92 Franklin St. Buffalo NY 14202,http://www2.erie.gov/morton/,REP
Erie County Legislators,Legislator District 9,Lynne,,Dixon,(716)858-7500,,Old County Hall 92 Franklin St. Buffalo NY 14202,http://www2.erie.gov/dixon/,IND
Erie County Legislators,Legislator District 10,Joseph,C.,Lorigo,(716)858-7500,,Old County Hall 92 Franklin St. Buffalo NY 14202,http://www2.erie.gov/lorigo/,CON
Erie County Legislators,Legislator District 11,John,J. ,Mills,(716)858-7500,,Old County Hall 92 Franklin St. Buffalo NY 14202,http://www2.erie.gov/mills/,REP
Erie County Legislators,Clerk of the County Legislature (Appointed),Karen M.,,McCarthy,,,    ,http://www2.erie.gov/legislature/index.php?q=node/7,
Blasdell,Blasdell Village Mayor,Michael,R.,Petrie,(716)822-1921,,121 Miriam Avenue P.O. Box 2180 Blasdell NY 14219,http://www.blasdell.org/index.asp?SEC=56102D96-368B-4566-BA6E-0A0AE45FFE6B&DE=EE91BD35-51D3-419C-A123-278DC2FD84D4&Type=B_DIR,
Blasdell,Blasdell Village Clerk-Treasurer (Appointed Annually),Janet,L.,Plarr,(716)822-1921,,121 Miriam Avenue P.O. Box 2180 Blasdell NY 14219,http://www.blasdell.org/index.asp?SEC=1E932CB2-88D0-4562-B3BA-461D65E0BF59&Type=B_BASIC,
Blasdell,Blasdell Village Justice,Daniel,P.,Grasso,(716)822-1921,,121 Miriam Avenue P.O. Box 2180 Blasdell NY 14219,http://www.blasdell.org/index.asp?SEC=5EE47C10-A585-4C66-9EB3-54890A2391FD&Type=B_BASIC,
Blasdell,Blasdell Village Trustee,Nicholas,,Cirocco,,,    ,http://www.blasdell.org/index.asp?SEC=56102D96-368B-4566-BA6E-0A0AE45FFE6B&DE=5A0646A7-8012-44F1-B58B-8663403635B6&Type=B_DIR,
Blasdell,Blasdell Village Trustee,Robert,C.,Hefner,(716)822-1921,,121 Miriam Avenue P.O. Box 2180 Blasdell NY 14219,http://www.blasdell.org/index.asp?SEC=56102D96-368B-4566-BA6E-0A0AE45FFE6B&DE=7CFD1AE3-30C3-42EB-A19A-01C3704A8E1F&Type=B_DIR,
Blasdell,Blasdell Village Trustee,Bobby,,Pirowski,,,    ,http://elections.erie.gov,
Blasdell,Blasdell Village Trustee,Kathy,,Seufert King,(716)822-1921,,121 Miriam Avenue P.O. Box 2180 Blasdell NY 14219,http://www.blasdell.org/index.asp?SEC=56102D96-368B-4566-BA6E-0A0AE45FFE6B&DE=0D6F3473-7637-4EBA-B5E7-9282A41909A8&Type=B_DIR,
Tonawanda,Tonawanda Mayor,Rick,,Davis,(716)695-1800,,Tonawanda City Hall 200 Niagara St.  Tonawanda  NY 14150,http://www.ci.tonawanda.ny.us/residents/mayor_rick_davis.php#.VSaVptLF9HU,DEM
Tonawanda,Tonawanda City Clerk (Appointed),Janice,R.,Bodie,(716)695-1800,,Tonawanda City Hall 200 Niagara St. Tonawanda NY 14150,http://www.ci.tonawanda.ny.us/residents/city_clerk.php#.VSaeKNLF9HV,
Tonawanda,Tonawanda City Judge,Joseph,J.,Cassata,(716)695-1800,,Tonawanda City Hall 200 Niagara St. Tonawanda NY 14150,http://www.ci.tonawanda.ny.us/residents/city_court.php#.VSae9NLF9HV,REP
Tonawanda,Tonawanda Pres. Of the Common Council,Carleton,R.,Zeisz,(716)695-1800,,Tonawanda City Hall 200 Niagara St. Tonawanda NY 14150,http://www.ci.tonawanda.ny.us/residents/common_council.php#.VSafl9LF9HV,DEM
Tonawanda,Tonawanda City Treasurer,Joseph,M.,Hogenkamp,(716)695-1800,,Tonawanda City Hall 200 Niagara St. Tonawanda NY 14150,http://www.ci.tonawanda.ny.us/residents/treasurer.php#.VSagmdLF9HV,REP
Tonawanda,Tonawanda City Attorney,Ronald,C.,Trabucco,(716)695-1800,,Tonawanda City Hall 200 Niagara St. Tonawanda NY 14150,http://www.ci.tonawanda.ny.us/residents/elected_officials.php#.VSas59LF9HV,DEM
Tonawanda,Tonawanda Councilmember 1st Ward,Charles,M.,Gilbert,(716)695-1800,,Tonawanda City Hall 200 Niagara St. Tonawanda NY 14150,http://www.ci.tonawanda.ny.us/residents/common_council.php#.VSa_G9LF9HV,REP
Tonawanda,Tonawanda Councilmember 2nd Ward,Jackie,A.,Smilinich,(716)695-1800,,Tonawanda City Hall 200 Niagara St. Tonawanda NY 14150,http://www.ci.tonawanda.ny.us/residents/common_council.php#.VSa_4tLF9HV,DEM
Tonawanda,Tonawanda Councilmember 3rd Ward,John,J.,Hall,(716)695-1800,,Tonawanda City Hall 200 Niagara St. Tonawanda NY 14150,http://www.ci.tonawanda.ny.us/residents/common_council.php#.VSbALNLF9HV,REP
Tonawanda,Tonawanda Councilmember 4th Ward,Jenna,N.,Koch,(716)695-1800,,Tonawanda City Hall 200 Niagara St. Tonawanda NY 14150,http://www.ci.tonawanda.ny.us/residents/common_council.php#.VSbALNLF9HV,DEM
Depew,Depew Village Mayor,Jesse,C.,Nikonowicz,,,    ,http://www.villageofdepew.org/about/village-board/,
Depew,Depew Village Village Administrator (Appointed Every 4 Years),Elizabeth,C,Melock,(716)683-7451,,85 Manitou Street  Depew NY 14043,http://www.villageofdepew.org/departments/clerk-treasurers-office/,
Depew,Depew Village Justice,Gordon,N.,Willis,(716)683-7451,,85 Manitou Street  Depew NY 14043,http://www.villageofdepew.org/departments/depew-justice-court/,
Depew,Depew Village Trustee,Linda,M.,Hammer,(716)683-7451,,85 Manitou Street  Depew NY 14043,http://www.villageofdepew.org/about/village-board/,
Depew,Depew Village Trustee,Robert,M.,Kucewicz,(716)683-7451,,85 Manitou Street  Depew NY 14043,http://www.villageofdepew.org/about/village-board/,
Depew,Depew Village Trustee,Karl,T.,Bukowiecki,,,    ,http://www.villageofdepew.org/about/village-board/,
Depew,Depew Village Trustee,Kevin,J.,Peterson,,,    ,http://www.villageofdepew.org/about/village-board/,
Alden,Alden Supervisor,Harry,F.,Milligan,(716)937-6969,,Alden Town Hall 3311 Wende Rd. Alden NY 14004,http://www2.erie.gov/alden/index.php?q=town-supervisor,REP
Alden,Alden Councilman,Mary,F.,Riddoch,(716)937-6969,,Alden Town Hall 3311 Wende Rd. Alden NY 14004,http://www2.erie.gov/alden/index.php?q=town-board,REP
Alden,Alden Councilman,Ralph,P.,Witt,(716)937-6969,,Alden Town Hall 3311 Wende Rd. Alden NY 14004,http://www2.erie.gov/alden/index.php?q=town-board,REP
Alden,Alden Town Clerk,Debra,A.,Crist,(716)937-6969,,Alden Town Hall 3311 Wende Rd. Albany NY 14004,http://www.alden.erie.gov,REP
Alden,Alden Town Justice,Larry,,LaDuca,,,    ,http://www2.erie.gov/alden/index.php?q=town-court,REP
Alden,Alden Town Superintendent of Highways,Gary,D.,Wagner,(716)937-6969,,Alden Town Hall 3311 Wende Rd. Alden NY 14004,http://www2.erie.gov/alden/index.php?q=highway-department,REP
East Aurora,East Aurora Village Mayor,Allan,A.,Kasprzak,(716)652-6000,,571 Main Street  East Aurora NY 14052,http://www.east-aurora.ny.us/government/village-board/,
East Aurora,East Aurora Village Clerk-Treasurer (Appointed Biennially),Joyce,M.,Jezewski,(716)652-6000,,571 Main Street  East Aurora NY 14052,http://www.east-aurora.ny.us/government/directory/,
East Aurora,East Aurora Village Trustee,Alfred,,McCabe,,,    ,http://www.east-aurora.ny.us/government/village-board/,
East Aurora,East Aurora Village Trustee,Peter,M.,Mercurio,(716)652-6000,,571 Main Street  East Aurora NY 14052,http://www.east-aurora.ny.us/government/village-board/,
East Aurora,East Aurora Village Trustee,Ernest,F.,Scheer,(716)652-6000,,571 Main Street  East Aurora NY 14052,http://www.east-aurora.ny.us/government/village-board/,
East Aurora,East Aurora Village Trustee,Patrick,J.,Shea,(716)652-6000,,571 Main Street  East Aurora NY 14052,http://www.east-aurora.ny.us/government/village-board/,
East Aurora,East Aurora Village Trustee,Deborah,,Carr-Hoagland,,,    ,http://www.east-aurora.ny.us/government/village-board/,
East Aurora,East Aurora Village Trustee,Randolph,,West,,,571 Main Street  East Aurora  ,http://www.east-aurora.ny.us/government/village-board/,
Amherst,Amherst Supervisor,Barry,A.,Weinstein,(716)631-7000,,Amherst Town Hall 5583 Main St. Williamsville NY 14221,http://www.amherst.ny.us/contact/contact_elected.asp?emp_id=999004,REP
Amherst,Amherst Councilman,Mark,A.,Manna,(716)631-7000,,Amherst Town Hall 5583 Main St. Williamsville NY 14221,http://www.amherst.ny.us/contact/contact_elected.asp?emp_id=999002,DEM
Amherst,Amherst Councilman,Guy,R.,Marlette,(716)631-7000,,Amherst Town Hall 5583 Main St. Williamsville NY 14221,http://www.amherst.ny.us/contact/contact_elected.asp?emp_id=999005,REP
Amherst,Amherst Councilman,Ramona,D.,Popowich,(716)631-7000,,Amherst Town Hall 5583 Main St. Williamsville NY 14221,http://www.amherst.ny.us/contact/contact_elected.asp?emp_id=999014,DEM
Amherst,Amherst Councilman,Steven,D.,Sanders,(716)631-7000,,Amherst Town Hall 5583 Main St. Williamsville NY 14221,http://www.amherst.ny.us/contact/contact_elected.asp?emp_id=999012,REP
Amherst,Amherst Town Clerk,Marjory,,Jaeger,(716)631-7000,,Amherst Town Hall 5583 Main St. Williamsville NY 14221,http://www.amherst.ny.us/contact/contact_elected.asp?emp_id=999010,REP
Amherst,Amherst Town Justice,Kara,A.,Buscaglia,(716)631-7000,,Amherst Town Hall 5583 Main St. Williamsville NY 14221,http://www.amherst.ny.us/contact/contact_elected.asp?emp_id=999015,DEM
Amherst,Amherst Town Justice,Geoffrey,K.,Klein,(716)631-7000,,Amherst Town Hall 5583 Main St. Williamsville NY 14221,http://www.amherst.ny.us/contact/contact_elected.asp?emp_id=999009,REP
Farnham,Farnham Village Mayor,Julie-Ann,,Gibbons,(716)549-0890,,526 Commercial Street  Farnham NY 14061,,
Farnham,Farnham Village Clerk-Treasurer (Appointed Every 4 Years),Jacqueline,M.,Hoisington,(716)549-0890,,526 Commercial Street  Farnham NY 14052,,
Farnham,Farnham Village Trustee,George,L.,Cordia Jr.,(716)549-0890,,526 Commercial Street  Farnham NY 14061,,
Farnham,Farnham Village Trustee,Yvonne,,Heller,(716)549-0890,,526 Commercial Street  Farnham NY 14061,,
Farnham,Farnham Village Trustee,Jere,,Hoisington,(716)549-0890,,526 Commercial Street  Farnham NY 14061,,
Farnham,Farnham Village Trustee,Vincent,M.,Rovnak,(716)549-0890,,526 Commercial Street  Farnham NY 14061,,
Aurora,Aurora Supervisor,James,J.,Bach,(716)652-3280,,Aurora Town Hall 300 Gleed Ave. East Aurora NY 14052,http://www.townofaurora.com/departments/supervisor/,REP
Aurora,Aurora Councilman,Susan,A.,Friess,(716)652-3280,,Aurora Town Hall 300 Gleed Ave. East Aurora NY 14052,http://www.townofaurora.com/boards-and-committees/town-board/,REP
Aurora,Aurora Councilman,Jeffrey,T.,Harris,(716)652-3280,,Aurora Town Hall 300 Gleed Ave. East Aurora NY 14052,http://www.townofaurora.com/boards-and-committees/town-board/,REP
Aurora,Aurora Councilman,Jolene,M.,Jeffe,(716)652-3280,,Aurora Town Hall 300 Gleed Ave. East Aurora NY 14052,http://www.townofaurora.com/boards-and-committees/town-board/,REP
Aurora,Aurora Councilman,Charles,D.,Snyder,(716)652-3280,,Aurora Town Hall 300 Gleed Ave. East Aurora NY 14052,http://www.townofaurora.com/boards-and-committees/town-board/,REP
Aurora,Aurora Town Clerk,Martha,L.,Librock,(716)652-3280,,Aurora Town Hall 300 Gleed Ave. East Aurora NY 14052,http://www.townofaurora.com/departments/town-clerk/,REP
Aurora,Aurora Town Justice,Jeffrey,P.,Markello,(716)652-3280,,Aurora Town Hall 300 Gleed Ave. East Aurora NY 14052,http://www.townofaurora.com/departments/justice-court/,DEM
Aurora,Aurora Town Justice,Douglas,W.,Marky,(716)652-3280,,Aurora Town Hall 300 Gleed Ave. East Aurora NY 14052,http://www.townofaurora.com,REP
Aurora,Aurora Town Superintendent of Highways,David ,M.,Gunner,(716)652-3280,,Aurora Town Hall 300 Gleed Ave. East Aurora NY 14052,http://www.townofaurora.com/departments/highway/,REP
Gowanda,Gowanda Village Mayor,Heather,M.,McKeever,(716)532-3353,,27 East Main Street  Gowanda NY 14070,http://villageofgowanda.com/mayors-office/,
Gowanda,Gowanda Village Clerk (Appointed Annually),Kathleen,V.,Mohawk,(716)532-3353,,27 East Main Street  Gowanda NY 14070,http://villageofgowanda.com/clerks-office/,
Gowanda,Gowanda Village Trustee,Barbara,A.,Nephew,(716)532-3353,,27 East Main Street  Gowanda NY 14070,http://villageofgowanda.com/village-board-board-of-trustees/,
Gowanda,Gowanda Village Trustee,Carol,,Sheibley,(716)532-3353,,27 East Main Street  Gowanda NY 14070,http://villageofgowanda.com/village-board-board-of-trustees/,
Gowanda,Gowanda Village Trustee,Peter,A.,Sisti,(716)532-3353,,27 East Main Street  Gowanda NY 14070,http://villageofgowanda.com/village-board-board-of-trustees/,
Gowanda,Gowanda Village Trustee,Paul,,Zimmerman,(716)532-3353,,27 East Main Street  Gowanda NY 14070,http://villageofgowanda.com/village-board-board-of-trustees/,
Boston,Boston Supervisor,Martin,A.,Ballowe,(716)941-6113,,Boston Town Hall 8500 Boston State Road Boston NY 14025,http://www.townofboston.com/supervisor.php,REP
Boston,Boston Councilman,Jay,P.,Boardway,(716)941-6113,,Boston Town Hall 8500 Boston State Road Boston NY 14025,http://www.townofboston.com/councilmen.php,REP
Boston,Boston Councilman,Jeffrey,A.,Genzel,(716)941-6113,,Boston Town Hall 8500 Boston State Road Boston NY 14025,http://www.townofboston.com/councilmen.php,REP
Boston,Boston Councilman,Lawrence,A.,Murtha,(716)941-6113,,Boston Town Hall 8500 Boston State Road Boston NY 14025,http://www.townofboston.com/councilmen.php,TEA
Boston,Boston Councilman,Gary,E.,Vara,(716)941-6113,,Boston Town Hall 8500 Boston State Road Boston NY 14025,http://www.townofboston.com/councilmen.php,DEM
Boston,Boston Town Clerk,Jennifer,A.,Mule,(716)941-6113,,Boston Town Hall 8500 Boston State Road Boston NY 14025,http://www.townofboston.com/tax.php,REP
Boston,Boston Town Justice,Debra,K.,Bender,(716)941-6113,,Boston Town Hall 8500 Boston State Road Boston NY 14025,http://www.townofboston.com/court.php,REP
Boston,Boston Town Justice,Kelly A.,,Vacco,,,    ,http://www.townofboston.com/court.php,REP
Boston,Boston Town Superintendent of Highways,Robert,J.,Telaak,(716)941-6113,,Boston Town Hall 8500 Boston State Road Boston NY 14025,http://www.townofboston.com/highway.php,REP
Hamburg,Hamburg Village Mayor,Thomas,J.,Moses,(716)649-0200,,100 Main Street  Hamburg NY 14075,http://www.villagehamburg.com/index.asp?SEC=B2E4D99D-55CB-4D68-9230-3AE4088D721C&DE=0760D6D9-ACF6-4BD2-B561-612B43C73C75&Type=B_DIR,
Hamburg,Hamburg Village Clerk-Treasurer (Appointed Every 4 Years),Donald,P.,Witkowski,(716)649-0200,,100 Main Street  Hamburg NY 14075,http://www.villagehamburg.com/index.asp?SEC=8E919D45-8245-481C-946B-181FDCD300C7&Type=B_DIR,
Hamburg,Hamburg Village Justice,Andrew,P.,Fleming,(716)649-0200,,100 Main Street  Hamburg NY 14075,http://www.villagehamburg.com/index.asp?SEC=8F02E47F-C220-4ACB-8635-5394CE96048E&Type=B_BASIC,
Hamburg,Hamburg Village Trustee,Mark,J.,Colmerauer,(716)649-0200,,100 Main Street  Hamburg NY 14075,http://www.villagehamburg.com/index.asp?SEC=C6C1182A-A2A0-44B3-BABC-E28F4C5C754A&DE=16E54EC0-B81B-4ACB-816B-99E211E314D3&Type=B_DIR,
Hamburg,Hamburg Village Trustee,Paul,G.,Gaughan,(716)649-0200,,100 Main Street  Hamburg NY 14075,http://www.villagehamburg.com/index.asp?SEC=C6C1182A-A2A0-44B3-BABC-E28F4C5C754A&DE=D9CB8501-A7AB-4B32-A90A-BA9F5EEBAAB4&Type=B_DIR,
Hamburg,Hamburg Village Trustee,Laura,P.,Hackathorn,(716)649-0200,,100 Main Street  Hamburg NY 14075,http://www.villagehamburg.com/index.asp?SEC=C6C1182A-A2A0-44B3-BABC-E28F4C5C754A&DE=6DFD23AD-2F8F-417D-91EF-58FBD4114A0D&Type=B_DIR,
Hamburg,Hamburg Village Trustee,Thomas,P.,Tallman,(716)649-0200,,100 Main Street  Hamburg NY 14075,http://www.villagehamburg.com/index.asp?SEC=C6C1182A-A2A0-44B3-BABC-E28F4C5C754A&DE=15DB64D3-67E4-44FA-8A87-76DD7F6428D2&Type=B_DIR,
Brant,Brant Supervisor,Leonard,K.,Pero,(716)549-0282,,Brant Town Hall Brant-North Collins Rd. Brant NY 14027,http://www.brantny.com/departments/super.php,REP
Brant,Brant Councilman,Donald,L.,Clark,(716)549-0282,,Brant Town Hall Brant-North Collins Rd. Brant NY 14027,http://www.brantny.com/contact.php,REP
Brant,Brant Councilman,Mark,J.,DeCarlo,(716)549-0282,,Brant Town Hall Brant-North Collins Rd. Brant NY 14027,http://www.brantny.com/contact.php,REP
Brant,Brant Councilman,Chad,R.,Kaczmarek,(716)549-0282,,Brant Town Hall Brant-North Collins Rd. Brant NY 14027,http://www.brantny.com/contact.php,REP
Brant,Brant Town Clerk,Barbara,J.,Daniel,(716)549-0282,,Brant Town Hall Brant-North Collins Rd. Brant NY 14027,http://www.brantny.com/departments/clerk.php,REP
Brant,Brant Town Justice,Clark,H.,Borngraber,(716)549-0282,,Brant Town Hall Brant-North Collins Rd. Brant NY 14027,http://www.brantny.com/departments/court.php,REP
Brant,Brant Town Justice,Jeffrey W.,,Gier,,,    ,http://www.brantny.com/departments/court.php,REP
Brant,Brant Town Superintendent of Highways,Joseph,N.,Giambrone,(716)549-0282,,Brant Town Hall Brant-North Collins Rd. Brant NY 14027,http://www.brantny.com/departments/hwy.php,REP
Kenmore,Kenmore Village Mayor,Patrick,,Mang,(716)873-5700,,2919 Delaware Avenue  Kenmore NY 14217,http://elections.erie.gov,DEM
Kenmore,Kenmore Village Clerk-Treasurer,Kathleen,P.,Johnson,(716)873-5700,,2919 Delaware Avenue  Kenmore NY 14217,http://elections.erie.gov,DEM
Kenmore,Kenmore Village Justice,Scott,F.,Riordan,(716)873-5700,,2919 Delaware Avenue  Kenmore NY 14217,http://elections.erie.gov,DEM
Kenmore,Kenmore Village Trustee,Katherine,J.,Bestine,(716)873-5700,,2919 Delaware Avenue  Kenmore NY 14217,http://elections.erie.gov,DEM
Kenmore,Kenmore Village Trustee,Paul,P.,Catalano,(716)873-5700,,2919 Delaware Avenue  Kenmore NY 14217,http://elections.erie.gov,DEM
Kenmore,Kenmore Village Trustee,R. Timothy,,McCarthy,(716)873-5700,,2919 Delaware Avenue  Kenmore NY 14217,http://elections.erie.gov,DEM
Kenmore,Kenmore Village Trustee,Kathleen,E.,Burd,(716)873-5700,,2919 Delaware Avenue  Kenmore NY 14217,http://elections.erie.gov,DEM
Cheektowaga,Cheektowaga Supervisor,Mary,F.,Holtz,,,Cheektowaga Town Hall 3301 Broadway Cheektowaga NY 14027,http://www.tocny.org/Officials/SupervisorMaryFHoltz.aspx,DEM
Cheektowaga,Cheektowaga Councilman,Christine L.,,Adamczyk,,,    ,http://www.tocny.org/Officials/CouncilmemberChristineAdamczyk.aspx,DEM
Cheektowaga,Cheektowaga Councilman,Diane,M.,Benczkowski,(716)646-3400,,Cheektowaga Town Hall 3301 Broadway Cheektowaga NY 14227,http://www.tocny.org/Officials/CouncilmemberDianeBenczkowski.aspx,DEM
Cheektowaga,Cheektowaga Councilman,Gerald,P.,Kaminski,(716)686-3400,,Cheektowaga Town Hall 3301 Broadway Cheektowaga NY 14227,http://www.tocny.org/Officials/CouncilmemberJerryKaminski.aspx,DEM
Cheektowaga,Cheektowaga Councilman,Timothy,J.,Meyers,(716)686-3400,,Cheektowaga Town Hall 3301 Broadway Cheektowaga NY 11727,http://www.tocny.org/Officials/CouncilmemberTimMeyers.aspx,DEM
Cheektowaga,Cheektowaga Councilman,James,P.,Rogowski,(716)686-3400,,Cheektowaga Town Hall 3301 Broadway Cheektowaga NY 14027,http://www.tocny.org/Officials/CouncilmemberJamesPRogowski.aspx,DEM
Cheektowaga,Cheektowaga Town Clerk,Alice ,,Magierski,(716)686-3400,,Cheektowaga Town Hall 3301 Broadway Cheektowaga NY 14027,http://www.tocny.org/Officials/TownClerkAliceMagierski.aspx,DEM
Cheektowaga,Cheektowaga Town Justice,Dennis T.,,Gorski,,,    ,http://www.tocny.org/Officials/TownJusticeDennisTGorski.aspx,DEM
Cheektowaga,Cheektowaga Town Justice,Paul,S.,Piotrowski,(716)686-3400,,Cheektowaga Town Hall 3301 Broadway Cheektowaga NY 14227,http://www.tocny.org/Officials/TownJusticePaulPiotrowski.aspx,DEM
Cheektowaga,Cheektowaga Town Superintendent of Highways,Mark,D.,Wegner,(716)686-3400,,Cheektowaga Town Hall 3301 Broadway Cheektowaga NY 14227,http://www.tocny.org/Officials/SuperintendentofHighwaysMarkWegner.aspx,DEM
Lancaster,Lancaster Village Mayor,Paul,M.,Maute,(716)683-2105,,5423 Broadway  Lancaster NY 14086,http://www.lancastervillage.org/contentAsp/govern.asp,
Lancaster,Lancaster Village Clerk-Treasurer (Appointed Every 4 Years),Michael,E.,Stegmeier,(716)683-2105,,5423 Broadway  Lancaster NY 14086,http://www.lancastervillage.org/contentAsp/departments.asp,
Lancaster,Lancaster Village Justice,Paul,T.,Bumbalo,(716)683-2105,,5423 Broadway  Lancaster NY 14086,http://www.lancastervillage.org/contentAsp/govern.asp,
Lancaster,Lancaster Village Trustee,Kenneth,L.,O'Brien,(716)683-2105,,5423 Broadway  Lancaster NY 14086,http://www.lancastervillage.org/contentAsp/govern.asp,
Lancaster,Lancaster Village Trustee,Dawn,M.,Robinson,(716)683-2105,,5423 Broadway  Lancaster NY 14086,http://www.lancastervillage.org/contentAsp/govern.asp,
Lancaster,Lancaster Village Trustee,William,C.,Schroeder,(716)683-2105,,5423 Broadway  Lancaster NY 14086,http://www.lancastervillage.org/contentAsp/govern.asp,
Lancaster,Lancaster Village Trustee,Russell,W.,Sugg,(716)683-2105,,5423 Broadway  Lancaster NY 14086,http://www.lancastervillage.org/contentAsp/govern.asp,
Clarence,Clarence Supervisor,David,C.,Hartzell Jr.,(716)741-8938,,Clarence Town Hall 1 Town Pl. Clarence NY 14031,http://www2.erie.gov/clarence/index.php?q=town-supervisor,REP
Clarence,Clarence Councilman,Patrick,W.,Casilio,(716)741-8938,,Clarence Town Hall 1 Town Pl. Clarence NY 14031,http://www2.erie.gov/clarence/index.php?q=public-officials,REP
Clarence,Clarence Councilman,Peter,T.,DiCostanzo,(716)741-8938,,Clarence Town Hall 1 Town Pl. Clarence NY 14031,http://www2.erie.gov/clarence/index.php?q=public-officials,REP
Clarence,Clarence Councilman,Robert,A.,Geiger,(716)741-8938,,Clarence Town Hall 1 Town Pl. Clarence NY 14031,http://www2.erie.gov/clarence/index.php?q=public-officials,REP
Clarence,Clarence Councilman,Bernard,J.,Kolber,(716)741-8938,,Clarence Town Hall 1 Town Pl. Clarence NY 14031,http://www2.erie.gov/clarence/index.php?q=public-officials,REP
Clarence,Clarence Town Clerk,Nancy,J.,Metzger,(716)741-8938,,Clarence Town Hall 1 Town Pl. Clarence NY 14031,http://www2.erie.gov/clarence/index.php?q=town-clerktaxes,REP
Clarence,Clarence Town Justice,Michael,B.,Powers,(716)741-8938,,Clarence Town Hall 1 Town Pl. Clarence NY 14031,http://www2.erie.gov/clarence/index.php?q=justice-court,REP
Clarence,Clarence Town Justice,Robert,G.,Sillars,(716)741-8938,,Clarence Town Hall 1 Town Pl. Clarence NY 14031,http://www2.erie.gov/clarence/index.php?q=justice-court,REP
Clarence,Clarence Town Superintendent of Highways,James,A.,Dussing,(716)741-8938,,Clarence Town Hall 1 Town Pl. Clarence NY 14031,http://www2.erie.gov/clarence/index.php?q=highway-department,REP
North Collins,North Collins Village Mayor,Vincent,D.,George,(716)337-3160,,10543 Main Street  North Collins NY 14111,http://www.villageofnorthcollins.org/html/mayor.html,
North Collins,North Collins Village Clerk-Treasurer (Appointed Annually),Lynn M.,,DiVincenzo,,,    ,http://www.villageofnorthcollins.org/html/clerk.html,
North Collins,North Collins Village Trustee,Brenda,J.,Bauer-Petrus,(716)337-3160,,10543 Main Street  North Collins NY 14111,http://www.villageofnorthcollins.org/html/board.html,
North Collins,North Collins Village Trustee,Karen,,Denne,(716)337-3160,,10543 Main Street  North Collins NY 14111,http://www.villageofnorthcollins.org/html/board.html,
North Collins,North Collins Village Trustee,Corrine,F.,Leone,(716)337-3160,,10543 Main Street  North Collins NY 14111,http://www.villageofnorthcollins.org/html/board.html,
North Collins,North Collins Village Trustee,Kathleen,,Myers,(716)337-3160,,10543 Main Street  North Collins NY 14111,http://www.villageofnorthcollins.org/html/board.html,
Colden,Colden Supervisor,James,P.,DePasquale,(716)941-5012,,Colden Town Hall 8812 State Rd Colden NY 14033,http://townofcolden.com/town-supervisor/,REP
Colden,Colden Councilman,David,J.,Acara,(716)941-5012,,Colden Town Hall 8812 State Rd Colden NY 14033,http://townofcolden.com/town-board/,REP
Colden,Colden Councilman,Jesse,M.,Hrycik,(716)941-5012,,Colden Town Hall 8812 State Rd Colden NY 14033,http://townofcolden.com/town-board/,
Colden,Colden Councilman,Gerald,F.,Pietraszek,(716)941-5012,,Colden Town Hall 8812 State Rd Colden NY 14033,http://townofcolden.com/town-board/,REP
Colden,Colden Councilman,Patricia,A.,Zurbrick,(716)941-5012,,Colden Town Hall 8812 State Rd Colden NY 14033,http://townofcolden.com/town-board/,REP
Colden,Colden Town Clerk,Christina ,M.,Kerlin,(716)941-5012,,Colden Town Hall 8812 State Rd Colden NY 14033,http://townofcolden.com/town-clerk/,REP
Colden,Colden Town Justice,Michael R.,,Schneider,,,    ,http://townofcolden.com/justices/,REP
Colden,Colden Town Justice,Victoria,B.,Zach,(716)941-5012,,Colden Town Hall 8812 State Rd Colden NY 14033,http://townofcolden.com/justices/,CON
Colden,Colden Town Superintendent of Highways,Paul,J.,Clarkson,(716)941-5012,,Colden Town Hall 8812 State Rd Colden NY 14033,http://townofcolden.com/highway/,REP
Orchard Park,Orchard Park Village Mayor,Jo Ann,,Clinton Litwin,(716)662-9327,,4295 South Buffalo Street  Orchard Park NY 14217,http://orchardparkvillage.org/,
Orchard Park,Orchard Park Village Clerk-Treasurer (Appointed Biennially),Mary Beth,,Jensen,(716)662-9327,,4295 South Buffalo Street  Orchard Park NY 14217,http://orchardparkvillage.org/,
Orchard Park,Orchard Park Village Justice,Daniel,B.,Kane,(716)662-9327,,4295 South Buffalo Street  Orchard Park NY 14217,http://orchardparkvillage.org/,
Orchard Park,Orchard Park Village Acting Judge (Appointed Annually),Philip,M.,Marshall,(716)662-9327,,4295 South Buffalo Street  Orchard Park NY 14217,http://orchardparkvillage.org/,
Orchard Park,Orchard Park Village Trustee,Francis,T.,Hogenkamp,(716)662-9327,,4295 South Buffalo Street  Orchard Park NY 14217,http://orchardparkvillage.org/,
Orchard Park,Orchard Park Village Trustee,Matthew,J.,Hartung,,,    ,http://orchardparkvillage.org/,
Orchard Park,Orchard Park Village Trustee,David,A.,Rood,(716)662-9327,,4295 South Buffalo Street  Orchard Park NY 14217,http://orchardparkvillage.org/,
Orchard Park,Orchard Park Village Trustee,Joseph,R.,Wales,(716)662-9327,,4295 South Buffalo Street  Orchard Park NY 14217,http://orchardparkvillage.org/,
Collins,Collins Supervisor,David,F.,Tessmer,(716)532-4887,,Collins Town Hall PO Box 420, Mill St. Collins NY 14034,http://www.townofcollins.com/townboard.php,REP
Collins,Collins Councilman,Mary,A.,Clark,(716)532-4887,,Collins Town Hall PO Box 420, Mill St. Collins NY 14034,http://www.townofcollins.com/townboard.php,
Collins,Collins Councilman,Kenneth,E.,Martin,(716)532-4887,,Collins Town Hall PO Box 420, Mill St. Collins NY 14034,http://www.townofcollins.com/townboard.php,REP
Collins,Collins Councilman,Mary,A.,Stelley,(716)532-4887,,Collins Town Hall PO Box 420, Mill St. Collins NY 14034,http://www.townofcollins.com/townboard.php,DEM
Collins,Collins Councilman,Janet,L.,Vogtli,(716)532-4887,,Collins Town Hall PO Box 420, Mill St. Collins NY 14034,http://www.townofcollins.com/townboard.php,CON
Collins,Collins Town Clerk,Becky,Jo,Summers,(716)532-4887,,Collins Town Hall PO Box 420, Mill St. Collins NY 14034,http://www.townofcollins.com/townclerk.php,REP
Collins,Collins Town Justice,Walter,C.,Cain,(716)532-4887,,Collins Town Hall PO Box 420, Mill St.  Collins NY 14034,http://www.townofcollins.com/towncourt.php,CON
Collins,Collins Town Justice,Brian D.,,Gernatt,,,    ,http://www.townofcollins.com/towncourt.php,REP
Collins,Collins Town Superintendent of Highways,Dennis,M.,Jensen,(716)532-4887,,Collins Town Hall PO Box 420, Mill St. Collins NY 14034,http://www.townofcollins.com/highway.php,REP
Sloan,Sloan Village Mayor,James,T.,Niwinski,(716)897-1560,,425 Reiman Street  Sloan NY 14212,http://ns.villageofsloan.org/_contct.htm,
Sloan,Sloan Village Clerk-Treasurer (Appointed Every 4 Years),Debra,M.,Smith,(716)897-1560,,425 Reiman Street  Sloan NY 14212,http://ns.villageofsloan.org/_clerk.htm,
Sloan,Sloan Village Trustee,Tammy,,Bayes,,,    ,http://ns.villageofsloan.org/_contct.htm,
Sloan,Sloan Village Trustee,Thomas,,Ferrucci,,,    ,http://ns.villageofsloan.org/_contct.htm,
Sloan,Sloan Village Trustee,Barry,,Ping,(716)897-1560,,425 Reiman Street  Sloan NY 14212,http://ns.villageofsloan.org/_contct.htm,
Sloan,Sloan Village Trustee,Doreen,,Spence,(716)897-1560,,425 Reiman Street  Sloan NY 14212,http://ns.villageofsloan.org/_contct.htm,
Concord,Concord Supervisor,Gary,A.,Eppolito,(716)592-4946,,Concord Town Hall 86 Franklin St. Springville NY 14141,http://www.townofconcordny.com/supervisor.php3,REP
Concord,Concord Councilman,Clyde,M.,Drake,(716)592-4946,,Concord Town Hall 86 Franklin St. Springville NY 14141,http://www.townofconcordny.com/town_board.php3,REP
Concord,Concord Councilman,Deborah,A.,King,(716)592-4946,,Concord Town Hall 86 Franklin St. Springville NY 14141,http://www.townofconcordny.com/town_board.php3,REP
Concord,Concord Councilman,James,M.,Krezmien,(716)592-4946,,Concord Town Hall 86 Franklin St. Springville NY 14141,http://www.townofconcordny.com/town_board.php3,REP
Concord,Concord Councilman,Paul,F.,Salzler,(716)592-4946,,Concord Town Hall 86 Franklin St. Springville NY 14141,http://www.townofconcordny.com/town_board.php3,REP
Concord,Concord Town Clerk,Darlene,G.,Schweikert,(716)592-4946,,Concord Town Hall 86 Franklin St. Springville NY 14141,http://www.townofconcordny.com/town_clerk.php3,REP
Concord,Concord Town Justice,Timothy,P.,Frank,(716)592-4946,,Concord Town Hall 86 Franklin St. Springville NY 14141,http://www.townofconcordny.com/justice_court.php3,REP
Concord,Concord Town Justice,Leslie,J.,Gibbin,(716)592-4946,,Concord Town Hall 86 Franklin St. Springville NY 14141,http://www.townofconcordny.com/justice_court.php3,DEM
Concord,Concord Town Superintendent of Highways,Dennis,M.,Dains,(716)592-4946,,Concord Town Hall 86 Franklin St. Springville NY 14141,http://www.townofconcordny.com/highway_dept.php3,REP
Concord,Concord Assessor,Dawn,M.,Martin,(716)592-4946,,Concord Town Hall 86 Franklin St. Springville NY 14141,http://www.townofconcordny.com/assessor.php3,REP
Springville,Springville Village Mayor,William,J.,Krebs,(716)592-4936,,5 West Main Street  Springville NY 14141,http://www.villageofspringvilleny.com/mayor-village-board-of-trustees,
Springville,Springville Village Admin/Clerk-Treasurer (Appointed Biennially),Timothy,L.,Horner,(716)592-4936,,5 West Main Street  Springville NY 14141,http://www.villageofspringvilleny.com/mayor-village-board-of-trustees,
Springville,Springville Village Justice,Kelly,,O'Neal Adams,(716)592-4936,,5 West Main Street  Springville NY 14141,http://www.villageofspringvilleny.com/court,
Springville,Springville Village Trustee,Alan,L.,Chamberlin,(716)592-4936,,5 West Main Street  Springville NY 14141,http://www.villageofspringvilleny.com/mayor-village-board-of-trustees,
Springville,Springville Village Trustee,Robert,,Moriarty,(716)592-4936,,5 West Main Street  Springville NY 14141,http://www.villageofspringvilleny.com/mayor-village-board-of-trustees,
Springville,Springville Village Trustee,Terry,W.,Skelton,(716)592-4936,,5 West Main Street  Springville NY 14141,http://www.villageofspringvilleny.com/mayor-village-board-of-trustees,
Springville,Springville Village Trustee,Nils,,Wikman,(716)592-4936,,5 West Main Street  Springville NY 14141,http://www.villageofspringvilleny.com/mayor-village-board-of-trustees,
Eden,Eden Supervisor,Glenn,R.,Nellis,(716)992-3406,,Eden Town Hall 2795 East Churc St. Eden NY 14057,http://www.edenny.org/board.html,DEM
Eden,Eden Councilman,Edward,,Krycia Jr.,(716)992-3406,,Eden Town Hall 2795 East Churc St. Eden NY 14057,http://www.edenny.org/board.html,DEM
Eden,Eden Councilman,Francis,J.,McLaughlin,(716)992-3406,,Eden Town Hall 2795 East Churc St. Eden NY 14057,http://www.edenny.org/board.html,DEM
Eden,Eden Councilman,Mary Lou,,Pew,(716)992-3406,,Eden Town Hall 2795 East Churc St. Eden NY 14057,http://www.edenny.org/board.html,DEM
Eden,Eden Councilman,Richard,S.,Ventry,(716)992-3406,,Eden Town Hall 2795 East Churc St. Eden NY 14057,http://www.edenny.org/board.html,REP
Eden,Eden Town Clerk,Mary Jo,,Hultquist,(716)992-3406,,Eden Town Hall 2795 East Churc St. Eden NY 14057,http://www.edenny.org/clerkindex.html,REP
Eden,Eden Town Justice,Michael,G.,Cooper,(716)992-3406,,Eden Town Hall 2795 East Churc St. Eden NY 14057,http://www.edenny.org/courtindex.html,DEM
Eden,Eden Town Justice,Melissa,L.,Zittel,(716)992-3406,,Eden Town Hall 2795 East Churc St. Eden NY 14057,http://www.edenny.org/courtindex.html,DEM
Eden,Eden Town Superintendent of Highways,Ronald,A.,Maggs,(716)992-3406,,Eden Town Hall 2795 East Churc St. Eden NY 14057,http://www.edenny.org/highway.html,REP
Eden,Eden Assessor,Sharon,A.,Brockman,(716)992-3406,,Eden Town Hall 2795 East Churc St. Eden NY 14057,http://www.edenny.org/assessindex.html,DEM
Eden,Eden Assessor,Robert,W.,Pietrocarlo,(716)992-3406,,Eden Town Hall 2795 East Churc St. Eden NY 14057,http://www.edenny.org/assessindex.html,DEM
Eden,Eden Assessor,Susan,D.,Pratt,(716)992-3406,,Eden Town Hall 2795 East Churc St. Eden NY 14057,http://www.edenny.org/assessindex.html,REP
Williamsville,Williamsville Village Mayor,Brian,J.,Kulpa,(716)632-4120,,5565 Main Street  Williamsville NY 14221,http://www.walkablewilliamsville.com/village-board.html,
Williamsville,Williamsville Village Admin/Clerk-Treasurer (Appointed Biennially),Lynda,L.,Juul,(716)632-4120,,5565 Main Street  Williamsville NY 14221,http://www.walkablewilliamsville.com/executive-office.html,
Williamsville,Williamsville Village Justice,Jeffrey,F.,Voelkl,(716)632-4120,,5565 Main Street  Williamsville NY 14221,http://www.walkablewilliamsville.com/court.html,
Williamsville,Williamsville Village Trustee,John,A.,Yates,(716)632-4120,,5565 Main Street  Williamsville NY 14221,http://www.walkablewilliamsville.com/village-board.html,
Williamsville,Williamsville Village Trustee,Daniel,O.,DeLano,(716)632-4120,,5565 Main Street  Williamsville NY 14221,http://www.walkablewilliamsville.com/village-board.html,
Williamsville,Williamsville Village Trustee,Christopher,J.,Duquin,(716)632-4120,,5565 Main Street  Williamsville NY 14221,http://www.walkablewilliamsville.com/village-board.html,
Williamsville,Williamsville Village Trustee,Basil,J.,Piazza,(716)632-4120,,5565 Main Street  Williamsville NY 14221,http://www.walkablewilliamsville.com/village-board.html,
Elma,Elma Supervisor,Dennis,M. ,Powers,(716)652-3260,,Elma Town Hall 1600 Bowen Road Elma NY 14059,http://www.elmanewyork.com/town_board.html,REP
Elma,Elma Councilman,Thomas,M.,Fallon,(716)652-3260,,Elma Town Hall 1600 Bowen Road Elma NY 14059,http://www.elmanewyork.com/town_board.html,CON
Elma,Elma Councilman,James,,Malczewski Jr.,(716)652-3260,,Elma Town Hall 1600 Bowen Road Elma NY 14059,http://www.elmanewyork.com/town_board.html,REP
Elma,Elma Councilman,Michael,P.,Nolan,(716)652-3260,,Elma Town Hall 1600 Bowen Road Elma NY 14059,http://www.elmanewyork.com/town_board.html,REP
Elma,Elma Councilman,Tracy,W.,Petrocy,(716)652-3260,,Elma Town Hall 1600 Bowen Road Elma NY 14059,http://www.elmanewyork.com/town_board.html,REP
Elma,Elma Town Clerk,Patricia,A.,King,(716)652-3260,,Elma Town Hall 1600 Bowen Road Elma NY 14059,http://www.elmanewyork.com/town_clerk.html,REP
Elma,Elma Town Justice,Robert,J.,Pierce,(716)652-3260,,Elma Town Hall 1600 Bowen Road Elma NY 14059,http://www.elmanewyork.com/town_court.html,CON
Elma,Elma Town Justice,Joseph,A.,Sakowski,(716)652-3260,,Elma Town Hall 1600 Bowen Road Elma NY 14059,http://www.elmanewyork.com,DEM
Elma,Elma Town Superintendent of Highways,Wayne,A.,Clark,(716)652-3260,,Elma Town Hall 1600 Bowen Road Elma NY 14059,http://www.elmanewyork.com/highway_department.html,REP
Evans,Evans Supervisor,Keith,E.,Dash,(716)549-8787,,Evans Town Hall 8787 Erie Rd. Angola NY 14006,http://www.townofevans.org/government/tb.html,REP
Evans,Evans Councilman,Paul,T.,Cooper,(716)549-8787,,Evans Town Hall 8787 Erie Rd. Angola NY 14006,http://www.townofevans.org/government/tb.html,DEM
Evans,Evans Councilman,Dennis,M.,Feldmann,(716)549-8787,,Evans Town Hall 8787 Erie Rd. Angola NY 14006,http://www.townofevans.org/government/tb.html,DEM
Evans,Evans Town Clerk,Lynn,M.,Krajacic,(716)549-8787,,Evans Town Hall 8787 Erie Rd. Angola NY 14006,http://www.townofevans.org/departments/clerk.html,DEM
Evans,Evans Town Justice,Anthony,J.,Barone Jr.,(716)549-8787,,Evans Town Hall 8787 Erie Rd. Angola NY 14006,http://www.townofevans.org/departments/court.html,DEM
Evans,Evans Town Justice,Timothy,J.,Cooper,(716)549-8787,,Evans Town Hall 8787 Erie Rd. Angola NY 14006,http://www.townofevans.org/departments/court.html,DEM
Evans,Evans Town Superintendent of Highways,Edward,J.,Michalski,(716)549-8787,,Evans Town Hall 8787 Erie Rd. Angola NY 14006,http://www.townofevans.org/departments/hghway.html,REP
Grand Island,Grand Island Supervisor,Mary,S.,Cooke,(716)773-9600,,Grand Island Town Hall 2255 Baseline Rd.  Grand Island NY 14072,http://www.gigov.com/departments/supervisor.php,REP
Grand Island,Grand Island Councilman,Christopher,K.,Aronica,(716)773-9600,,Grand Island Town Hall 2255 Baseline Rd. Grand Island NY 14072,http://www.gigov.com/boards/town-board.php,CON
Grand Island,Grand Island Councilman,Raymond,A.,Billica,(716)773-9600,,Grand Island Town Hall 2255 Baseline Rd. Grand Island NY 14072,http://www.gigov.com/boards/town-board.php,REP
Grand Island,Grand Island Councilman,Richard,W.,Crawford Jr.,(716)773-9600,,Grand Island Town Hall 2255 Baseline Rd. Grand Island NY 14072,http://www.gigov.com/boards/town-board.php,REP
Grand Island,Grand Island Councilman,Gary,G.,Roesch,(716)773-9600,,Grand Island Town Hall 2255 Baseline Rd. Grand Island NY 14072,http://www.gigov.com/boards/town-board.php,CON
Grand Island,Grand Island Town Clerk,Patricia,A.,Frentzel,(716)773-9600,,Grand Island Town Hall 2255 Baseline Rd. Grand Island NY 14072,http://www.grand-island.ny.us/departments/clerk/index.htm,REP
Grand Island,Grand Island Town Justice,Mark,J.,Frentzel,(716)773-9600,,Grand Island Town Hall 2255 Baseline Rd. Grand Island NY 14075,http://www.gigov.com/departments/court.php,REP
Grand Island,Grand Island Town Justice,Sybil,E.,Kennedy,(716)773-9600,,Grand Island Town Hall 2255 Baseline Rd. Grand Island NY 14072,http://www.gigov.com/departments/court.php,REP
Grand Island,Grand Island Town Superintendent of Highways,James,B.,Tomkins,(716)773-9600,,Grand Island Town Hall 2255 Baseline Rd. Grand Island NY 14072,http://www.gigov.com/departments/highway/index.php,REP
Hamburg,Hamburg Supervisor,Steven,J.,Walters,(716)649-6111,,S-6100 South Park Ave.   Hamburg NY 14075,http://www.townofhamburgny.com/Town_Board_-117154.html,REP
Hamburg,Hamburg Councilman,Cheryl,L.,Potter-Juda,(716)649-6111,,S-6100 South Park Ave.  Hamburg NY 14075,http://www.townofhamburgny.com/Town_Board_-117154.html,DEM
Hamburg,Hamburg Councilman,Michael,P.,Quinn Jr.,(716)649-6111,,S-6100 South Park Ave.  Hamburg NY 14075,http://www.townofhamburgny.com/Town_Board_-117154.html,DEM
Hamburg,Hamburg Town Clerk,Catherine,A.,Rybczynski,(716)649-6111,,S-6100 South Park Ave.  Hamburg NY 14075,http://www.townofhamburgny.com/Town_Clerks_Office.html,DEM
Hamburg,Hamburg Town Justice,Gerald,P.,Gorman,(716)649-6111,,S-6100 South Park Ave.  Hamburg NY 14075,http://www.townofhamburgny.com/Justice_Court_-117145.html,DEM
Hamburg,Hamburg Town Justice,Walter,L.,Rooth,(716)649-6111,,S-6100 South Park Ave.  Hamburg NY 14075,http://www.townofhamburgny.com/Justice_Court_-117145.html,DEM
Hamburg,Hamburg Town Superintendent of Highways,Thomas,M.,Best Sr.,(716)649-6111,,S-6100 South Park Ave.  Hamburg NY 14075,http://www.townofhamburgny.com/Highway_Department_-117144.html,CON
Holland,Holland Supervisor,Michael,C.,Kasprzyk,(716)537-9443,,Holland Town Hall 47 Pearl St. Holland NY 14080,http://www.townofhollandny.com/departments/supervisor/,REP
Holland,Holland Councilman,Geoffrey,W.,Hack,(716)537-9443,,Holland Town Hall 47 Pearl St. Holland NY 14080,http://www.townofhollandny.com/town-board/,CON
Holland,Holland Councilman,Roberta,A.,Herr,(716)537-9443,,Holland Town Hall 47 Pearl St. Holland NY 14080,http://www.townofhollandny.com/town-board/,REP
Holland,Holland Councilman,Karen,L.,Kline,(716)537-9443,,Holland Town Hall 47 Pearl St. Holland NY 14080,http://www.townofhollandny.com/town-board/,REP
Holland,Holland Councilman,William,D.,Kolacki,(716)537-9443,,Holland Town Hall 47 Pearl St. Holland NY 14080,http://www.townofhollandny.com/town-board/,REP
Holland,Holland Town Clerk,Merilu,,O'Dell,(716)537-9443,,Holland Town Hall 47 Pearl St. Holland NY 14080,http://www.townofhollandny.com/departments/clerk/,REP
Holland,Holland Town Justice,William,J.,Franczak,(716)537-9443,,Holland Town Hall 47 Pearl St. Holland NY 14080,http://www.townofhollandny.com/court/,REP
Holland,Holland Town Justice,Christopher,H.,O'Brien,(716)537-9443,,Holland Town Hall 47 Pearl St. Holland NY 14080,http://www.townofhollandny.com/court/,REP
Holland,Holland Town Superintendent of Highways,Patrick,F.,Joyce,(716)537-9443,,Holland Town Hall 47 Pearl St. Holland NY 14080,http://www.townofhollandny.com/departments/highway/,REP
Holland,Holland Collector,June,E.,McArthur,(716)537-9443,,Holland Town Hall 47 Pearl St. Holland NY 14080,http://www.townofhollandny.com/departments/tax-office/,REP
Lancaster,Lancaster Supervisor,Dino,J.,Fudoli,(716)683-9028,,Lancaster Town Hall 21 Central Ave.  Lancaster NY 14086,http://lancasterny.gov/town-departments/town-supervisor/,REP
Lancaster,Lancaster Councilman,John,M.,Abraham Jr.,(716)683-9028,,Lancaster Town Hall 21 Central Ave. Lancaster NY 14086,http://lancasterny.gov/government/boards-committees/town-board/,DEM
Lancaster,Lancaster Councilman,Ronald,,Ruffino Sr.,(716)683-9028,,Lancaster Town Hall 21 Central Ave. Lancaster NY 14086,http://lancasterny.gov/government/boards-committees/town-board/,DEM
Lancaster,Lancaster Councilman,Donna,G.,Stempniak,(716)683-9028,,Lancaster Town Hall 21 Central Ave. Lancaster NY 14086,http://lancasterny.gov/government/boards-committees/town-board/,DEM
Lancaster,Lancaster Town Clerk,Johanna,M.,Coleman,(716)683-9028,,Lancaster Town Hall 21 Central Ave. Lancaster NY 14086,http://lancasterny.gov/town-departments/town-clerk/,DEM
Lancaster,Lancaster Town Justice,Anthony,J.,Cervi,(716)683-9028,,Lancaster Town Hall 21 Central Ave. Lancaster NY 14086,http://lancasterny.gov/town-departments/town-court/,REP
Lancaster,Lancaster Town Justice,Jeremy A.,,Colby,,,    ,http://lancasterny.gov/town-departments/town-court/,REP
Lancaster,Lancaster Trustee Public Library,Gary,S.,Howell,(716)683-9028,,Lancaster Town Hall 21 Central Ave. Lancaster NY 14086,http://lancasterny.gov/residents/library/,REP
Lancaster,Lancaster Trustee Public Library,Suzanne,M.,Jacobs,(716)683-9028,,Lancaster Town Hall 21 Central Ave. Lancaster NY 14086,http://lancasterny.gov/residents/library/,DEM
Lancaster,Lancaster Trustee Public Library,Barbara,J.,Tamol,(716)683-9028,,Lancaster Town Hall 21 Central Ave. Lancaster NY 14086,http://lancasterny.gov/residents/library/,REP
Lancaster,Lancaster Trustee Public Library,Mary,E.,Terranova,(716)683-9028,,Lancaster Town Hall 21 Central Ave. Lancaster NY 14086,http://lancasterny.gov/residents/library/,DEM
Lancaster,Lancaster Trustee Public Library,Kristen Anne,,Wind,(716)683-9028,,Lancaster Town Hall 21 Central Ave. Lancaster NY 14086,http://lancasterny.gov/residents/library/,REP
Lancaster,Lancaster Trustee Public Library,Jan,P.,Yarborough,(716)683-9028,,Lancaster Town Hall 21 Central Ave. Lancaster NY 14086,http://lancasterny.gov/residents/library/,REP
Lancaster,Lancaster Town Superintendent of Highways,Daniel,J.,Amatura,(716)683-9028,,Lancaster Town Hall 21 Central Ave. Lancaster NY 14086,http://lancasterny.gov/town-departments/highway-department/,DEM
Marilla,Marilla Supervisor,Earl,A.,Gingerich Jr.,(716)652-5350,,Marilla Town Hall 1740 Two Rod Rd.  Marilla NY 14102,http://townofmarilla.com/supervisor.php,REP
Marilla,Marilla Councilman,Deborah,J.,Beats,(716)652-5350,,Marilla Town Hall 1740 Two Rod Rd. Marilla NY 14102,http://townofmarilla.com/council.php,REP
Marilla,Marilla Councilman,Warren,K.,Handley,(716)652-5350,,Marilla Town Hall 1740 Two Rod Rd. Marilla NY 14102,http://townofmarilla.com/council.php,REP
Marilla,Marilla Councilman,Julie,L.,Lathrop,(716)652-5350,,Marilla Town Hall 1740 Two Rod Rd. Marilla NY 14102,http://townofmarilla.com/council.php,CON
Marilla,Marilla Councilman,Barbara,A.,Spanitz,(716)652-5350,,Marilla Town Hall 1740 Two Rod Rd. Marilla NY 14102,http://townofmarilla.com/council.php,REP
Marilla,Marilla Town Clerk,Dawn,A.,Pearce,(716)652-5350,,Marilla Town Hall 1740 Two Rod Rd. Marilla NY 14102,http://townofmarilla.com/clerk.php,REP
Marilla,Marilla Town Justice,Thomas,S.,Labin,(716)652-5350,,Marilla Town Hall 1740 Two Rod Rd. Marilla NY 14102,http://townofmarilla.com/court.php,REP
Marilla,Marilla Town Justice,David,F.,Wyzykowski,(716)652-5350,,Marilla Town Hall 1740 Two Rod Rd. Marilla NY 14102,http://townofmarilla.com/court.php,REP
Marilla,Marilla Town Superintendent of Highways,Ronald,W.,Unverdorben Jr.,(716)652-5350,,Marilla Town Hall 1740 Two Rod Rd. Marilla NY 14102,http://townofmarilla.com/highway_department.php,REP
Newstead,Newstead Supervisor,David,L.,Cummings,(716)542-4573,,Newstead Town Hall 5 Clarence Center Rd. Akron NY 14001,http://www2.erie.gov/newstead/index.php?q=town-supervisor,CON
Newstead,Newstead Councilman,John P.,,Jendrowski Jr.,,,    ,http://www2.erie.gov/newstead/index.php?q=town-board,CON
Newstead,Newstead Councilman,James,,Mayrose,(716)542-4573,,Newstead Town Hall 5 Clarence Center Rd. Akron NY 14001,http://www2.erie.gov/newstead/index.php?q=town-board,REP
Newstead,Newstead Councilman,Justin,M.,Rooney,(716)542-4573,,Newstead Town Hall 5 Clarence Center Rd. Akron NY 14001,http://www2.erie.gov/newstead/index.php?q=town-board,DEM
Newstead,Newstead Councilman,Donald,A.,York,(716)542-4573,,Newstead Town Hall 5 Clarence Center Rd. Akron NY 14001,http://www2.erie.gov/newstead/index.php?q=town-board,REP
Newstead,Newstead Town Clerk,Dawn,D.,Izydorczak,(716)542-4573,,Newstead Town Hall 5 Clarence Center Rd. Akron NY 14001,http://www2.erie.gov/newstead/index.php?q=town-clerk,REP
Newstead,Newstead Town Justice,Richard,L.,Campbell,(716)542-4573,,Newstead Town Hall 5 Clarence Center Rd. Akron NY 14001,http://www2.erie.gov/newstead/index.php?q=town-court,REP
Newstead,Newstead Town Justice,Dennis,R.,Freeman,(716)542-4573,,Newstead Town Hall 5 Clarence Center Rd. Akron NY 14001,http://www2.erie.gov/newstead/index.php?q=town-court,REP
Newstead,Newstead Town Superintendent of Highways,Michael,C.,Bassanello,(716)542-4573,,Newstead Town Hall 5 Clarence Center Rd. Akron NY 14001,http://www2.erie.gov/newstead/index.php?q=highway-department,DEM
North Collins,North Collins Supervisor,Rosaline,A.,Seege,(716)435-5999,,North Collins Town Hall 10569 Main St.  North Collins NY 14111,http://www.northcollinsny.org/html/supervisor.html,REP
North Collins,North Collins Councilman,Ellen,M.,Mathis,(716)337-0155,,North Collins Town Hall 10569 Main St. North Collins NY 14111,http://www.northcollinsny.org/html/council.html,DEM
North Collins,North Collins Councilman,Michael,W.,Perry,(716)337-0063,,North Collins Town Hall 10569 Main St. North Collins NY 14111,http://www.northcollinsny.org/html/council.html,REP
North Collins,North Collins Councilman,Karen,A.,Ricotta,(716)337-7422,,North Collins Town Hall 10569 Main St. North Collins NY 14111,http://www.northcollinsny.org/html/council.html,REP
North Collins,North Collins Councilman,John,M.,Tobia,(716)337-3153,,North Collins Town Hall 10569 Main St. North Collins NY 14111,http://www.northcollinsny.org/html/council.html,REP
North Collins,North Collins Town Clerk,Margaret,J.,Orrange,(716)337-3391,,North Collins Town Hall 10569 Main St. North Collins NY 14111,http://www.northcollinsny.org/html/clerk.html,DEM
North Collins,North Collins Town Justice,John,M.,Stevens,(716)337-3578,,North Collins Town Hall 10569 Main St. North Collins NY 14111,http://www.northcollinsny.org/html/court.html,REP
North Collins,North Collins Town Superintendent of Highways,David,J.,Winter,(716)337-3967,,North Collins Town Hall 10569 Main St. North Collins NY 14111,http://www.northcollinsny.org/html/highway.html,DEM
Orchard Park,Orchard Park Supervisor,Patrick,J.,Keem,(716)662-6410,,Orchard Park Town Hall S-4295 S. Buffalo St. Orchard Park NY 14127,http://orchardparkny.org/content/Offices/View/1,REP
Orchard Park,Orchard Park Councilman,Eugene,L.,Majchrzak,(716)662-6410,,Orchard Park Town Hall S-4295 S. Buffalo St. Orchard Park NY 14127,http://orchardparkny.org/content/Offices/Home/:item=6&field=officials;/content/Officials/View/5,REP
Orchard Park,Orchard Park Councilman,Michael,J.,Sherry,(716)662-6410,,Orchard Park Town Hall S-4295 S. Buffalo St. Orchard Park NY 14127,http://orchardparkny.org/content/Offices/Home/:item=6&field=officials;/content/Officials/View/32,REP
Orchard Park,Orchard Park Town Clerk,Remy,,Orffeo,,,    ,http://orchardparkny.org/content/Departments/View/5,CON
Orchard Park,Orchard Park Town Justice,Edward,A.,Pace,(716)662-6410,,Orchard Park Town Hall S-4295 S. Buffalo St. Orchard Park NY 14127,http://orchardparkny.org/content/Offices/View/7,DEM
Orchard Park,Orchard Park Town Justice,Lynn,,Wessel Keane,(716)662-6410,,Orchard Park Town Hall S-4295 S. Buffalo St. Orchard Park NY 14127,http://orchardparkny.org/content/Offices/View/7,DEM
Orchard Park,Orchard Park Town Superintendent of Highways,Frederick,J.,Piasecki Jr.,(716)662-6410,,Orchard Park Town Hall S-4295 S. Buffalo St. Orchard Park NY 14127,http://orchardparkny.org/content/Offices/Home/:item=5&field=officials;/content/Officials/View/8,REP
Sardinia,Sardinia Supervisor,Beverly,A.,Gambino,(716)496-8900,,Community Center 12320 Savage Rd.  Sardinia NY 14134,http://www2.erie.gov/sardinia/index.php?q=directory,REP
Sardinia,Sardinia Councilman,Cheryl,L.,Earl,(716)496-8900,,Community Center 12320 Savage Rd. Sardinia NY 14134,http://www2.erie.gov/sardinia/index.php?q=directory,REP
Sardinia,Sardinia Councilman,Leonard,R.,Hochadel,(716)496-8900,,Community Center 12320 Savage Rd. Sardinia NY 14134,http://www2.erie.gov/sardinia/index.php?q=directory,REP
Sardinia,Sardinia Councilman,David,L.,Montgomery,(716)496-8900,,Community Center 12320 Savage Rd. Sardinia NY 14134,http://www2.erie.gov/sardinia/index.php?q=directory,REP
Sardinia,Sardinia Councilman,Douglas,J.,Morrell,(716)496-8900,,Community Center 12320 Savage Rd. Sardinia NY 14134,http://www2.erie.gov/sardinia/index.php?q=directory,CON
Sardinia,Sardinia Town Clerk,Betsy,A.,Marsh,(716)496-8900,,Community Center 12320 Savage Rd. Sardinia NY 14134,http://www2.erie.gov/sardinia/index.php?q=directory,REP
Sardinia,Sardinia Town Justice,Gene,R.,Heintz,(716)496-8900,,Community Center 12320 Savage Rd. Sardinia NY 14134,http://www2.erie.gov/sardinia/index.php?q=directory,REP
Sardinia,Sardinia Town Justice,Eric G.,,Place,,,    ,http://www2.erie.gov/sardinia/index.php?q=directory,REP
Sardinia,Sardinia Town Superintendent of Highways,Donald,W.,Hopkins,(716)496-8900,,Community Center 12320 Savage Rd. Sardinia NY 14134,http://www2.erie.gov/sardinia/index.php?q=highway-department,REP
Tonawanda,Tonawanda Supervisor,Anthony,F.,Caruana,(716)877-8800,,TonawandaTown Hall 2919 Delaware Ave. Kenmore NY 14217,http://www.tonawanda.ny.us/index.aspx?nid=78,
Tonawanda,Tonawanda Councilman,John,A.,Bargnesi Jr.,(716)877-8800,,Tonawanda City Hall 2919 Delaware Ave. Kenmore NY 14217,http://www.tonawanda.ny.us/index.aspx?nid=107,DEM
Tonawanda,Tonawanda Councilman,Lisa,M.,Chimera,(716)877-8800,,Tonawanda City Hall 2919 Delaware Ave. Kenmore NY 14217,http://www.tonawanda.ny.us/index.aspx?nid=107,DEM
Tonawanda,Tonawanda Councilman,Daniel,J.,Crangle,(716)877-8800,,Tonawanda City Hall 2919 Delaware Ave. Kenmore NY 14127,http://www.tonawanda.ny.us/Directory.aspx?EID=47,DEM
Tonawanda,Tonawanda Councilman,Joseph,H.,Emminger,(716)877-8800,,Tonawanda City Hall 2919 Delaware Ave. Kenmore NY 14217,http://www.tonawanda.ny.us/index.aspx?nid=107,DEM
Tonawanda,Tonawanda Town Clerk,Marguerite,,Greco,(716)877-8800,,Tonawanda City Hall 2919 Delaware Ave. Kenmore NY 14217,http://www.tonawanda.ny.us/index.aspx?nid=80,DEM
Tonawanda,Tonawanda Town Justice,Daniel,T.,Cavarello,(716)887-8800,,Tonawanda City Hall 2919 Delaware Ave. Kenmore NY 14217,http://www.tonawanda.ny.us/directory.aspx?EID=3,DEM
Tonawanda,Tonawanda Town Justice,J. Mark,,Gruber,(716)877-8800,,Tonawanda City Hall 2919 Delaware Ave. Kenmore NY 14217,http://www.tonawanda.ny.us/Directory.aspx?EID=20,REP
Tonawanda,Town Superintendent of Highways,William,E.,Swanson,(716)877-8800,,Tonawanda City Hall 2919 Delaware Ave. Kenmore NY 14217,http://www.tonawanda.ny.us/index.aspx?NID=17,DEM
Wales,Wales Supervisor,Rickey,A.,Venditti,(716)652-0589,,Wales Community Center 12345 Big Tree Rd. Wales Center NY 14169,http://townofwales.com/government/town-supervisor/,REP
Wales,Wales Councilman,Donald,A.,Butcher,(716)652-0589,,Wales Community Center 12345 Big Tree Rd. Wales Center NY 14169,http://townofwales.com/government/town-board/,REP
Wales,Wales Councilman,Jude,A.,Hartrich,(716)652-0589,,Wales Community Center 12345 Big Tree Rd. Wales Center NY 14169,http://townofwales.com/government/town-board/,REP
Wales,Wales Councilman,Gerald,E.,Klinck,(716)652-0589,,Wales Community Center 12345 Big Tree Rd. Wales Center NY 14169,http://townofwales.com/government/town-board/,REP
Wales,Wales Councilman,Michael,S.,Simon,(716)652-0589,,Wales Community Center 12345 Big Tree Rd. Wales Center NY 14169,http://townofwales.com/government/town-board/,REP
Wales,Wales Town Clerk,Melinda,M.,Eaton,(716)652-0589,,Wales Community Center 12345 Big Tree Rd. Wales Center NY 14169,http://townofwales.com/government/town-clerk/,REP
Wales,Wales Town Justice,Howard,S.,Lobaugh,(716)652-0589,,Wales Community Center 12345 Big Tree Rd. Wales Center NY 14169,http://townofwales.com/government/courts/,REP
Wales,Wales Town Justice,Raymond,N.,Poliseno,(716)652-0589,,Wales Community Center 12345 Big Tree Rd. Wales Center NY 14169,http://townofwales.com/government/courts/,REP
Wales,Wales Town Superintendent of Highways,Michael,J.,Zywar,(716)652-0589,,Wales Community Center 12345 Big Tree Rd. Wales Center NY 14169,http://townofwales.com/government/highway/,REP
Wales,Wales Assessor,David,B.,Lane,(716)652-0589,,Wales Community Center 12345 Big Tree Rd. Wales Center NY 14169,http://townofwales.com/government/assessors/,REP
Wales,Wales Assessor,John,J.,Sly,(716)652-0589,,Wales Community Center 12345 Big Tree Rd. Wales Center NY 14169,http://townofwales.com/government/assessors/,REP
Wales,Wales Assessor,Peter,M.,Tarnawskyj,(716)652-0589,,Wales Community Center 12345 Big Tree Rd. Wales Center NY 14169,http://townofwales.com/government/assessors/,REP
West Seneca,West Seneca Supervisor,Sheila,M.,Meegan,(716)674-5600,,West Seneca Town Hall 1250 Union Rd. West Seneca NY 14224,http://www.westseneca.net/index.php?q=sheila_meegan,DEM
West Seneca,West Seneca Councilman,William,P.,Hanley,(716)674-5600,,West Seneca Town Hall 1250 Union Rd. West Seneca NY 14169,http://www.westseneca.net/index.php?q=john_rusinski,DEM
West Seneca,West Seneca Councilman,Eugene,P.,Hart,(716)674-5600,,West Seneca Town Hall 1250 Union Rd. West Seneca NY 14224,http://www.westseneca.net/index.php?q=eugene_hart,DEM
West Seneca,West Seneca Town Clerk,Jacqueline,A.,Felser,(716)674-5600,,West Seneca Town Hall 1250 Union Rd. West Seneca NY 14224,http://www.westseneca.net/index.php?q=town_clerk,DEM
West Seneca,West Seneca Town Justice,Jeffrey,M.,Harrington,(716)674-5600,,West Seneca Town Hall 1250 Union Rd. West Seneca NY 14224,http://www.westseneca.net/index.php?q=town_court,DEM
West Seneca,West Seneca Town Justice,Dale,J.,McCabe,(716)674-5600,,West Seneca Town Hall 1250 Union Rd. West Seneca NY 14224,http://www.westseneca.net/index.php?q=town_court,DEM
West Seneca,West Seneca Town Superintendent of Highways,Matthew,D.,English,(716)674-5600,,West Seneca Town Hall 1250 Union Rd. West Seneca NY 14224,http://www.westseneca.net/index.php?q=highway_department,DEM
